City,Count
Aaronfort,1
Aaronville,1
Acevedomouth,1
Adamsfurt,1
Adamston,1
Aguilarchester,1
Aguirrebury,1
Aimeeville,1
Alexandriamouth,1
Alexaside,1
Alexberg,1
Alexfort,1
Alextown,1
Alexville,1
Alfredhaven,1
Alfredshire,1
Alvaradoton,1
Andradeberg,1
Andreburgh,1
Anthonyberg,1
Anthonyport,1
Anthonyshire,1
Anthonyville,1
Antonioside,1
Armstrongtown,1
Arroyoland,1
Atkinsfurt,1
Atkinsonberg,1
Autumnland,1
Baileyside,1
Barbaraborough,1
Barrettshire,1
Batesport,1
Batesville,1
Beardfort,1
Bellchester,1
Benjaminchester,1
Bennettmouth,1
Bensonmouth,1
Bernardmouth,1
Berrymouth,2
Bethanystad,1
Bethside,1
Bettyland,1
Beverlymouth,1
Billytown,1
Birdtown,1
Blakechester,1
Blanchardfurt,1
Bonnieport,1
Bradfordmouth,1
Bradleymouth,1
Branchview,1
Brandtshire,1
Brandtville,1
Breannaton,1
Brewerbury,1
Brianbury,1
Briannaland,1
Brightburgh,1
Brittneyton,1
Bruceville,1
Bryantland,1
Burchchester,1
Bushview,1
Calebbury,1
Cameronfurt,1
Campbellside,1
Candacestad,1
Carlsonfort,1
Carlsonfurt,1
Carneyfurt,1
Carrfurt,1
Caseyborough,1
Castanedamouth,1
Cathyton,1
Cervantesmouth,1
Chadborough,1
Chaneychester,1
Charlenebury,1
Charleneland,1
Charlottestad,1
Chenton,1
Christianbury,1
Christyville,1
Chungbury,1
Claireberg,1
Clarenceton,1
Clarketon,1
Clarketown,1
Cliffordburgh,1
Coleburgh,1
Colechester,1
Colemanfurt,1
Colinberg,1
Collinsland,1
Collinstown,1
Collinton,1
Conradport,1
Coreychester,1
Corystad,1
Costaville,1
Coxburgh,2
Cristianmouth,1
Crystalburgh,1
Daisytown,1
Dalemouth,1
Danielview,1
Darinshire,1
Dariusview,1
Darrellstad,1
Darrenmouth,1
Darrylstad,1
Daveborough,1
Dawsonshire,1
Deanberg,1
Deanchester,1
Debraberg,1
Deniseburgh,2
Dennisfurt,1
Derrickland,1
Dianamouth,1
Dickersonville,1
Dicksonburgh,1
Dillonmouth,1
Donaldton,1
Dorisport,1
Doughertyfurt,1
Douglasland,1
Douglasstad,1
Dudleyfurt,1
Duncanside,1
Duncanview,1
Dylanberg,1
East Alan,1
East Alberthaven,1
East Alejandraland,1
East Alyssa,1
East Andre,1
East Angieside,1
East Brad,1
East Brandon,1
East Brookebury,1
East Casey,1
East Chelseyfurt,1
East Chloeshire,1
East Courtney,1
East Courtneyview,1
East Daniellestad,1
East Darin,1
East Dianeport,1
East Dominique,1
East Dorothy,1
East Douglasberg,1
East Edwin,1
East Elizabethfort,1
East Emily,1
East Emma,1
East Eugene,1
East Franceshaven,1
East Gailhaven,1
East Glenfort,1
East Glenn,2
East Hunterburgh,1
East Isaac,1
East Isabel,1
East Jake,1
East Javierfort,1
East Jeanne,1
East Joan,1
East Johnathanbury,1
East Jonathan,1
East Josephfurt,1
East Katelyn,1
East Katelynmouth,1
East Kaylee,1
East Kayleetown,1
East Kristenfort,1
East Kristy,1
East Krystalland,1
East Leslie,1
East Malloryville,1
East Mark,1
East Mary,1
East Max,1
East Megan,1
East Melinda,1
East Monica,1
East Nathanielview,1
East Nathanmouth,1
East Normanchester,1
East Normaview,1
East Normaville,1
East Paulaville,1
East Petermouth,1
East Ray,1
East Renee,1
East Reneefurt,1
East Ricky,1
East Robertatown,1
East Rodneyland,1
East Sabrina,1
East Sally,1
East Savannah,1
East Shelleyfurt,1
East Stephanie,1
East Taylorborough,1
East Taylorville,1
East Tylerton,1
East Wayne,1
East Wendy,2
East Yolanda,1
East Yvetteside,1
Ebonymouth,1
Eileenbury,1
Elijahchester,1
Elizabethburgh,1
Ellisland,1
Ericamouth,1
Ericaside,1
Erikamouth,1
Erikatown,1
Estradahaven,1
Ethanburgh,1
Evanfort,1
Ewingchester,1
Fieldsside,1
Flemington,1
Fletcherborough,1
Fordborough,1
Fordton,1
Fowlerfort,1
Franciscochester,1
Francisside,1
Francohaven,1
Frederickfurt,1
Freemanberg,1
Fritzbury,1
Fryeville,1
Fullerbury,1
Gabriellafort,1
Gabrielleland,1
Gabrielleside,1
Garrettstad,1
Garrisonberg,1
Garymouth,1
Gayfurt,1
Georgemouth,1
Georgeton,1
Gilesburgh,1
Gilmoreport,1
Ginaport,1
Glasshaven,1
Glenmouth,1
Glennchester,1
Goodmanborough,1
Grantmouth,1
Grantshire,1
Greerbury,1
Guerreroshire,1
Guyside,1
Haleyfurt,1
Hamiltonton,1
Hancockburgh,1
Hancockchester,1
Hancockshire,1
Hardingshire,1
Haroldhaven,1
Haroldport,1
Harryfort,1
Harryview,1
Hartburgh,1
Hatfieldbury,1
Hayleybury,1
Haynesmouth,1
Haysmouth,1
Heathfurt,1
Hebertchester,1
Hesterburgh,1
Hofurt,1
Holdenfort,1
Holdenfurt,1
Hollandshire,1
Hollyside,1
Holmeschester,1
Holtfurt,1
Howardville,1
Huffville,1
Huntville,1
Isaiahfurt,1
Jackberg,1
Jackbury,1
Jacobfort,1
Jacobmouth,2
Jacobsonchester,1
Jaimeberg,1
Jameston,1
Janetchester,1
Janicefort,1
Janiceview,1
Jarviston,1
Jeffport,1
Jeffreybury,1
Jenniferland,1
Jermainetown,1
Jerrychester,1
Jesseville,1
Jesusfort,1
Jimmouth,1
Jimmybury,1
Jocelynmouth,1
Jofort,1
Johnburgh,1
Johnmouth,1
Johnsonland,1
Johnstonfurt,1
Jonathonhaven,1
Jonesshire,1
Josephfort,1
Josephview,1
Juanstad,1
Juarezbury,1
Juarezville,1
Juliafort,1
Julianberg,1
Juliantown,1
Julieport,1
Juliestad,1
Kanemouth,1
Karatown,1
Karenmouth,1
Karinabury,1
Kathrynville,1
Kaufmanfurt,1
Keithchester,1
Kelleyborough,1
Kelleyview,1
Kelliville,1
Kiarachester,1
Kiddfort,1
Kimberlyberg,1
Kimberlystad,1
Kimmouth,1
Knoxfurt,1
Knoxton,1
Krausefurt,1
Kristaland,1
Kristihaven,1
Kristinefurt,1
Kruegerside,1
Lake Alechaven,1
Lake Alisonside,1
Lake Amanda,1
Lake Angie,1
Lake Aprilchester,1
Lake Bianca,1
Lake Billy,1
Lake Blake,1
Lake Brooke,1
Lake Calvin,1
Lake Chadside,1
Lake Christianton,1
Lake Craigchester,1
Lake Darrell,1
Lake Darrellshire,1
Lake Deanna,1
Lake Devonmouth,1
Lake Dillonfort,1
Lake Dominique,1
Lake Don,1
Lake Donbury,1
Lake Douglas,2
Lake Dwayne,2
Lake Edwintown,1
Lake Emily,1
Lake Faithton,1
Lake Francisfurt,1
Lake Franklinland,1
Lake Fred,1
Lake Gavinburgh,1
Lake Glennside,1
Lake Hayden,1
Lake Isabelberg,1
Lake Jacksonmouth,1
Lake Jaclyn,1
Lake Jacobstad,1
Lake Jasmineview,1
Lake Jessicachester,1
Lake Jesus,1
Lake Joshuastad,1
Lake Joyce,1
Lake Joyton,1
Lake Juanport,1
Lake Julianberg,1
Lake Justin,1
Lake Karlaburgh,1
Lake Kayleeville,1
Lake Kevin,1
Lake Lindaton,1
Lake Lindseyberg,1
Lake Lonnieberg,1
Lake Lydiafurt,1
Lake Lydiatown,1
Lake Marcfurt,1
Lake Marilynhaven,1
Lake Martha,1
Lake Marvin,1
Lake Mckenzieville,1
Lake Mike,1
Lake Morgan,1
Lake Omar,1
Lake Rachael,1
Lake Samantha,1
Lake Sean,1
Lake Shelby,1
Lake Sydney,1
Lake Tabitha,1
Lake Tannerside,1
Lake Terri,1
Lake Thomas,1
Lake Trevorton,1
Lake Troyville,1
Lake Warrenmouth,1
Lake Xaviertown,1
Lake Yvetteberg,1
Langberg,1
Latoyabury,1
Latoyaside,1
Laurabury,1
Laurieport,1
Leeborough,1
Leonardberg,1
Lesliefurt,1
Levihaven,1
Lewisview,1
Lindsayburgh,1
Livingstonview,1
Longton,1
Lonnieburgh,1
Lorettaland,1
Lorrainefort,1
Lucasmouth,1
Lukeside,1
Lunaville,1
Lynnborough,1
Lyonsberg,1
Maddenmouth,1
Maddoxland,1
Malikchester,1
Mannport,1
Marcusburgh,1
Margaretfurt,1
Mariamouth,1
Marissaland,1
Marthaland,1
Masseymouth,1
Masseytown,1
Mataport,1
Mauriceview,1
Maxwellborough,1
Maychester,1
Maysberg,1
Mayton,1
Mccormickville,1
Mccoyfort,1
Mcdanielhaven,1
Mcdonaldchester,1
Mckenzieton,1
Mcleanshire,1
Meghanstad,1
Mejiamouth,1
Mejiashire,1
Melendezland,1
Melissaville,1
Mercadofurt,1
Mercadoland,1
Meyerfurt,1
Mezaview,1
Michaelashire,1
Michaelport,1
Miguelhaven,1
Miketown,1
Mindyborough,1
Mitchellmouth,1
Monicatown,1
Moniquemouth,1
Montoyaberg,1
Mooremouth,1
Moralesport,1
Mosesberg,1
Mullenmouth,1
Natalieton,1
New Alexa,1
New Aliciaberg,1
New Alvin,1
New Andrea,1
New Anitafurt,1
New Ann,1
New Arielfurt,1
New Bradybury,1
New Brett,1
New Brettfurt,1
New Brettmouth,1
New Bruce,1
New Candice,1
New Chelsey,1
New Christianburgh,1
New Cody,1
New Darrenfort,1
New Derrick,1
New Diane,1
New Dillonshire,1
New Ebony,1
New Eduardo,1
New Edwin,1
New Erica,1
New Erikville,1
New Frances,1
New Frankborough,1
New Gerald,1
New Grantshire,1
New Gwendolyn,1
New Herbert,1
New Joanneberg,1
New Johnnychester,1
New Julia,2
New Katrinaview,1
New Kaylashire,1
New Kelliechester,1
New Kristi,1
New Kristophershire,1
New Lance,1
New Lanceview,1
New Marc,1
New Marcus,1
New Margaret,1
New Mario,1
New Maryfort,1
New Mathew,1
New Melodymouth,1
New Michellefort,1
New Miguel,1
New Pam,1
New Patriciamouth,1
New Reginafort,1
New Reginahaven,1
New Reneemouth,1
New Rickstad,1
New Ryan,1
New Samantha,2
New Samuel,1
New Saraberg,1
New Savannah,1
New Seanmouth,1
New Shannonstad,1
New Shelleyfort,1
New Sheriborough,1
New Soniatown,1
New Tammy,1
New Tara,1
New Taylorburgh,1
New Terryton,1
New Thomasbury,1
New Vincentstad,1
New Xavier,1
New Yolanda,2
Nicolasfurt,1
Ninaton,1
Noahview,1
Noblemouth,1
North Adriana,1
North Angel,1
North Bethanyhaven,1
North Beverly,1
North Carly,1
North Chelseyland,1
North Chris,1
North Collin,1
North Dariusview,1
North Darlenemouth,1
North Daryl,1
North Davechester,1
North Diamond,1
North Douglas,1
North Dylan,1
North Elaine,1
North Erin,1
North Evelynmouth,1
North Francis,1
North Frederick,1
North Grace,1
North Guy,1
North Isaacport,1
North Jacquelineville,1
North Jamiemouth,1
North Jessicaview,1
North Joannashire,1
North Jocelynberg,1
North Johnnymouth,1
North Joshua,1
North Judyville,1
North Julian,1
North Karaside,1
North Karihaven,1
North Katelyn,1
North Kenneth,1
North Kentland,1
North Kimberlychester,1
North Kirk,1
North Kristinside,1
North Kyle,1
North Lacey,1
North Leon,1
North Lynntown,1
North Marissatown,1
North Melvin,1
North Monica,1
North Pattystad,1
North Perryshire,1
North Philip,1
North Phillip,1
North Raven,1
North Reginaton,1
North Renee,1
North Ritachester,1
North Robert,1
North Sabrina,1
North Sean,1
North Shannon,1
North Shaun,1
North Sheilaland,1
North Stacey,1
North Staceyport,1
North Stevestad,1
North Suzanneberg,1
North Sydney,1
North Theodore,1
North Tracey,1
North Tracieview,1
North Tyler,1
North Whitneyborough,1
North Yvetteview,1
Nortonfort,1
Nortonmouth,1
Odonnellberg,1
Oliviatown,1
Olsontown,1
Omarport,1
Oneillfurt,1
Orrfurt,1
Orrview,1
Ortegaland,1
Ortegaside,1
Ortizside,1
Pachecoburgh,1
Pagebury,1
Palmerport,1
Pambury,1
Pammouth,1
Parksfurt,1
Patelhaven,1
Payneport,1
Perkinsbury,1
Perkinshaven,1
Petersburgh,1
Phillipchester,1
Phillipsbury,1
Phillipsville,1
Piercemouth,1
Pittmanmouth,1
Popeland,1
Port Beckymouth,1
Port Beth,1
Port Brandyside,1
Port Brentside,1
Port Caleb,1
Port Calebhaven,1
Port Cameronbury,1
Port Carlos,1
Port Carlside,1
Port Cassandrastad,1
Port Christiemouth,1
Port Cristianview,1
Port Curtis,1
Port Danburgh,1
Port Ebonyhaven,1
Port Erin,1
Port Franklin,1
Port Gavin,2
Port Glennborough,1
Port Grace,1
Port Grantton,1
Port Gregoryfurt,1
Port Harold,1
Port Isabellachester,1
Port Jacksonland,1
Port Jenna,1
Port Jermaine,1
Port Jocelyn,1
Port Jodi,1
Port Jodyland,1
Port Judith,1
Port Katherineside,1
Port Kimberly,1
Port Kylieside,1
Port Larryshire,1
Port Laurie,1
Port Lawrence,1
Port Leon,1
Port Lindsey,1
Port Louis,1
Port Marieland,1
Port Mercedesberg,1
Port Michaelafort,1
Port Micheleville,1
Port Moniquehaven,1
Port Paigefort,1
Port Pennyton,1
Port Rick,1
Port Roberta,1
Port Roberto,1
Port Russellmouth,1
Port Ryan,1
Port Scott,1
Port Shane,1
Port Sheenaborough,1
Port Stanleyside,1
Port Sylviaton,1
Port Tyronemouth,1
Port Virginiaside,1
Powersstad,1
Prestonchester,1
Princechester,1
Quinnfurt,1
Rachelview,1
Rebekahshire,1
Reedland,1
Reillyburgh,1
Reyesstad,1
Reynoldsborough,1
Rhodesside,1
Rickburgh,1
Rickyside,1
Rileyburgh,1
Riosport,1
Riosville,1
Robertstown,1
Roblesport,1
Rodriguezbury,1
Rodriguezfurt,1
Ronnieberg,1
Rosebury,1
Rosefort,1
Roseport,1
Rowlandberg,1
Russellland,1
Ryanshire,1
Salazartown,1
Sanfordmouth,1
Santosport,1
Schultzbury,1
Schultzfort,1
Schwartzchester,1
Scottstad,1
Seanport,1
Selenaville,1
Shannonstad,1
Sharonside,1
Shellyfurt,1
Shepherdfort,1
Shortmouth,1
Silvaberg,1
Simonside,1
Skinnerland,1
Sloanstad,1
Smithview,1
Solistown,1
Sotoberg,1
South Alisha,2
South Andre,1
South Andreachester,1
South Andres,1
South Andrewville,1
South Angelica,1
South Anne,1
South Annetteville,1
South Antoniochester,1
South Brandonville,1
South Carrieshire,1
South Caseyside,1
South Cesarburgh,1
South Charleneport,2
South Chelseyton,1
South Christina,1
South Clayton,1
South Codyfurt,1
South Craig,1
South Cristian,1
South Daveville,1
South Dominiquemouth,1
South Dustin,1
South Emma,1
South Francisco,1
South Gabriela,1
South Gary,1
South Gilbertmouth,1
South Gracebury,1
South Heathershire,1
South Herbertmouth,1
South Howard,1
South Jeremy,1
South Kaitlyn,1
South Karen,1
South Karl,1
South Kelli,1
South Kimberly,1
South Latoya,1
South Laurenberg,1
South Linda,1
South Lynnton,1
South Marciafurt,1
South Marisachester,1
South Miamouth,1
South Michael,1
South Monica,1
South Nancy,1
South Patricia,1
South Rachelchester,1
South Rebekah,1
South Roberta,2
South Robertbury,1
South Rogerhaven,1
South Rogerville,1
South Seth,1
South Shane,1
South Shelley,1
South Shellyview,1
South Soniabury,1
South Spencer,1
South Stephen,1
South Tamarafort,1
South Tammyfurt,1
South Tashatown,1
South Taylor,1
South Terry,1
South Theresafort,1
South Timothy,1
South Toddchester,1
South Tom,1
South Tonya,2
South Vanessaton,1
South Victorhaven,1
Spencerchester,1
Stacystad,1
Staffordhaven,1
Stanleyborough,1
Stanleybury,1
Stanleyhaven,1
Stricklandborough,1
Stuartmouth,1
Summerstown,1
Tammieborough,1
Tammyberg,1
Tanyabury,1
Tanyachester,1
Tanyastad,1
Tatemouth,1
Taylorport,1
Taylorshire,1
Terrancetown,1
Theresaland,1
Thomasstad,1
Toddborough,1
Toddhaven,1
Toddside,1
Toddtown,1
Tommyland,1
Tommyshire,2
Tonyville,1
Tracyfurt,1
Trujilloside,1
Tuckerfurt,1
Turnerfort,1
Tylermouth,1
Valeriehaven,1
Vanessabury,1
Vegaview,1
Velasquezberg,1
Velasquezstad,1
Vickietown,1
Vickimouth,1
Wadeborough,1
Wallacemouth,1
Wallacestad,1
Wallaceville,1
Walshshire,1
Waltershire,1
Warnerport,1
Watsonfort,1
Wayneborough,1
Webertown,1
Weberview,1
Welchburgh,1
Welchton,1
West Ana,1
West Aprilberg,1
West Arianafurt,1
West Baileystad,1
West Barbarafurt,1
West Brandonfurt,1
West Bryan,1
West Charlotte,1
West Claudiahaven,1
West Coreyview,1
West Cristian,1
West Dan,1
West Debrahaven,1
West Devon,1
West Emma,1
West Francisco,1
West Gabriela,1
West Henry,1
West Jasminfort,1
West Jeanette,1
West Jennifer,1
West Jermaineton,1
West Jessicastad,1
West Jocelynfort,1
West Joel,1
West Kathryn,1
West Kendra,1
West Kerrifort,1
West Kevin,1
West Kirkbury,1
West Kristin,1
West Leroyview,1
West Leslie,1
West Lydiamouth,1
West Marilynchester,1
West Matthewside,1
West Melody,1
West Melvin,1
West Meredithshire,1
West Michelle,1
West Mikehaven,1
West Mirandaside,1
West Nathaniel,1
West Normanborough,1
West Normaton,1
West Pamela,1
West Rachael,1
West Ralph,1
West Randallshire,1
West Raven,1
West Ricky,1
West Rita,1
West Roystad,1
West Sandra,1
West Sharonville,1
West Sophiafort,1
West Stacey,1
West Stacy,1
West Tammieport,1
West Tammietown,1
West Terrenceburgh,1
West Tyrone,1
West Tyronestad,1
West Vanessahaven,1
West Victoria,1
Whitneyburgh,1
Wigginsbury,1
Wilkinsonton,1
Willietown,1
Wolfeborough,1
Wumouth,1
Wyattborough,1
Yolandatown,1
Youngfurt,1
Yvetteville,1
Yvonnemouth,1
Zamoraburgh,1
Zavalaview,1
Zoefurt,1
